<!--
# ==============================================================================
#   J1: j1-docker-volume-watcher.xml
#   Configuration file to run docker-volume-watcher as a (Windows) service
#
#   Product/Info:
#   http://jekyll.one
#   https://github.com/kohsuke/winsw
#
#   Copyright (C) 2017 Juergen Adams
#
#   J1 Template is licensed under the MIT License.
#   For details, see https://jekyll.one
#
# ==============================================================================
-->
<service>
    <!-- winsw specific configuration -->
    <configuration>
        <!-- To work with UAC-enabled Windows; for details see: http://support.microsoft.com/kb/936707 -->
        <runtime>
            <generatePublisherEvidence enabled="false" />
        </runtime>
    </configuration>
    <!-- service specific configuration -->
    <id>j1-docker-volume-watcher</id>
    <name>j1-docker-volume-watcher</name>
    <startmode>manual</startmode>
    <env name="DOCKER_CERT_PATH" value="use-value-from-your-environmnet" />
    <env name="DOCKER_HOST" value="use-value-from-your-environmnet" />
    <env name="DOCKER_TLS_VERIFY" value="1" />
    <description>Inspect all running Docker containers and notify about changes in mounted folders</description>
    <executable>C:\Windows\System32\cmd.exe</executable>
    <startargument>/C</startargument>
    <startargument>docker-volume-watcher.cmd</startargument>
    <stopparentprocessfirst>true</stopparentprocessfirst>
    <workingdirectory>your-install-path</workingdirectory>    
    <!-- logging specific configuration -->
    <logpath>your-install-path\log</logpath>
    <log mode="roll-by-size">
        <sizeThreshold>4096</sizeThreshold>
        <keepFiles>2</keepFiles>
    </log>  
</service>
